fbus;tbus;flujo
16;1;87.36
1;355;87.36
17;2;144.01
2;354;144.01
10;3;117.64
3;219;39.89
3;220;77.75
4;7;210.1
11;4;147.67
14;4;134.12
16;4;154.84
4;22;75.6
4;245;97.29
4;246;53.64
6;5;302.3
5;7;49.52
5;10;92.78
5;309;160.0
5;309;160.0
8;6;295.6
6;9;162.57
6;15;123.74
31;6;543.01
6;310;250.0
7;12;25.13
13;7;28.0
7;19;29.29
7;21;130.41
29;7;215.23
7;321;177.76
7;322;140.26
18;8;295.6
9;332;162.57
10;171;63.5
346;10;14.69
10;347;58.32
16;11;201.39
17;11;245.84
11;111;88.1
11;352;119.85
11;353;91.62
140;12;122.87
12;359;94.41
12;360;53.59
29;13;194.31
13;365;79.63
13;366;86.67
17;14;271.79
14;367;78.35
14;368;59.31
18;15;467.22
15;165;416.6
15;374;174.37
16;18;152.56
16;73;68.96
17;18;222.3
17;74;119.06
18;20;147.46
18;75;46.36
18;76;68.03
18;101;153.48
124;19;100.1
19;425;129.39
67;20;18.46
20;447;93.86
20;448;72.07
21;502;130.41
112;22;5.83
22;526;69.87
22;527;11.56
23;37;30.67
46;23;64.39
53;23;67.5
23;540;101.22
54;24;55.24
24;545;55.24
41;25;84.69
25;53;98.86
54;25;72.87
25;564;58.7
38;26;71.11
26;568;71.11
28;27;62.81
27;33;98.36
27;48;63.85
74;27;99.39
28;47;73.89
88;28;136.7
30;29;74.05
32;29;152.06
29;45;83.46
29;48;56.94
29;613;50.18
30;46;83.59
30;49;53.96
31;32;461.25
39;31;25.24
32;36;309.19
33;615;98.36
34;35;143.88
51;34;219.19
34;183;75.31
35;183;74.69
35;617;69.19
36;644;155.91
36;645;153.28
38;37;21.0
37;663;51.66
55;38;92.11
40;39;105.16
39;682;79.92
44;40;269.28
40;679;164.11
41;42;224.86
43;41;82.2
80;41;39.34
42;47;69.31
42;54;128.11
42;689;85.45
43;44;194.45
43;99;109.38
44;50;311.19
46;45;19.21
49;45;14.97
47;706;71.61
47;707;71.58
48;49;40.58
48;717;80.21
49;716;79.57
50;51;322.32
98;50;69.2
100;50;48.2
50;726;106.27
51;727;103.12
53;52;31.35
52;754;31.35
181;55;175.0
55;778;82.89
74;56;100.67
56;796;100.67
81;57;22.98
80;58;21.98
63;59;55.74
82;59;17.14
59;821;72.89
85;60;40.35
104;60;82.76
60;834;51.77
60;836;71.34
62;61;35.32
61;64;79.72
109;61;249.0
61;184;204.6
62;82;213.68
110;62;249.0
63;71;203.31
63;91;118.85
63;94;183.66
63;96;51.07
64;69;114.18
64;79;177.14
64;93;159.31
64;95;43.72
65;90;43.46
91;65;56.85
67;66;142.86
68;66;71.08
66;152;213.93
67;138;675.94
911;67;95.95
912;67;51.71
78;68;35.26
978;68;14.82
979;68;21.0
69;83;0.32
69;995;102.29
69;996;11.57
73;70;127.24
70;107;127.24
71;86;106.71
71;1059;56.72
71;1060;39.87
73;75;26.11
87;73;84.39
76;74;37.28
108;74;43.72
75;76;72.46
76;105;103.21
84;77;132.65
77;85;4.06
77;1095;91.33
77;1096;37.26
103;78;139.93
78;1106;104.67
79;88;177.14
80;81;3.92
96;80;145.94
80;1114;80.7
93;81;108.26
81;1115;89.19
82;1138;97.46
82;1139;99.08
83;84;36.28
83;103;120.67
83;1141;52.38
84;184;112.74
84;1192;0.1
86;85;19.0
85;1182;92.72
86;108;128.68
86;1184;69.05
88;87;40.44
94;87;183.59
87;1213;128.56
94;89;39.14
102;89;19.62
89;1217;58.76
90;104;12.61
90;1244;30.85
91;1343;62.0
100;92;60.25
106;92;87.62
92;1382;47.67
92;1384;100.2
93;94;39.07
93;1418;122.0
95;96;84.97
95;102;61.86
1426;96;9.9
97;1427;78.91
99;98;149.47
98;1502;80.27
101;99;40.1
101;100;82.76
1504;100;25.7
101;1505;30.63
102;1524;42.24
104;103;152.65
103;106;290.47
1536;103;15.16
1538;104;31.47
105;106;137.0
105;185;362.43
106;180;339.85
108;107;84.95
107;1552;117.6
107;1553;94.59
111;112;5.83
111;123;192.09
111;124;188.16
111;1603;35.52
114;113;71.34
151;113;65.74
113;1623;71.14
113;1624;65.94
131;114;163.58
114;1647;92.24
116;115;36.67
133;115;152.49
115;1649;189.16
138;116;212.89
116;1650;176.22
140;117;228.8
117;143;94.85
117;1655;133.94
126;118;164.5
118;142;58.47
118;1680;106.03
125;120;40.54
130;120;89.74
120;1686;59.51
120;1687;70.76
151;121;69.44
121;1747;22.68
121;1748;46.76
124;123;47.28
123;140;110.83
123;144;220.58
123;1760;9.73
123;1762;28.95
1764;123;26.22
124;139;105.13
124;1761;60.81
1763;124;8.94
126;125;192.95
125;135;188.04
125;186;16.06
125;1775;34.19
127;126;400.0
126;186;17.27
127;128;150.06
127;157;114.23
128;145;150.06
143;129;21.68
148;129;98.64
129;1814;120.32
132;130;245.89
154;130;37.0
130;1822;88.83
130;1823;104.33
131;132;487.58
133;131;76.53
131;147;229.23
131;151;106.1
131;1839;33.88
134;132;78.57
132;148;228.42
132;150;105.35
132;1840;23.49
134;133;74.13
182;133;154.89
182;134;152.7
135;142;15.18
135;1845;80.69
135;1846;92.16
138;1880;236.37
138;1881;226.69
139;140;235.9
139;166;186.95
139;174;249.08
140;167;181.66
1882;140;15.83
144;141;115.51
178;141;43.27
141;1902;75.6
141;1903;83.18
142;1904;61.56
142;1905;12.09
144;143;12.63
145;143;15.07
143;149;100.88
147;144;42.71
144;1907;135.15
145;1906;134.98
148;147;104.97
147;154;201.92
147;1919;89.56
148;1920;24.81
149;1925;100.88
150;151;106.29
152;150;89.29
150;1987;88.35
151;1988;77.21
152;2090;124.64
154;2112;70.33
154;2113;94.59
166;155;75.72
155;2134;75.72
158;156;102.4
156;179;102.4
158;157;49.19
157;2157;163.42
176;158;151.58
159;160;118.55
165;159;77.24
176;159;203.3
159;2165;161.98
160;168;162.49
177;160;204.03
160;2166;160.09
161;162;11.83
166;161;63.13
161;2170;51.3
162;179;2.15
162;2169;9.68
163;164;37.05
165;163;167.28
163;172;43.53
163;2188;86.69
167;164;49.6
164;2186;86.65
165;2187;172.08
167;166;41.95
166;2195;90.04
167;2196;90.11
168;169;162.49
169;2258;162.49
171;170;4.04
174;170;55.42
170;2260;59.46
171;2261;59.47
173;172;26.9
172;2339;70.43
175;173;71.65
173;2340;44.75
174;175;132.85
174;2357;60.81
175;2357;61.2
176;177;4.03
176;2377;120.58
176;2378;120.52
179;178;73.8
178;2380;30.53
179;2381;30.75
202;187;18.33
187;423;11.21
188;434;28.65
437;188;36.28
443;189;9.77
355;190;27.94
190;376;21.82
207;191;20.17
191;529;14.05
193;192;13.71
192;194;52.71
192;308;16.28
192;453;9.16
332;193;28.99
194;248;29.23
194;256;59.14
332;194;35.66
195;285;37.27
514;195;45.41
1736;196;6.02
247;197;6.92
351;198;5.2
425;198;6.32
433;199;40.59
199;444;39.16
428;200;47.93
200;533;46.85
201;219;10.83
255;201;16.44
202;239;6.65
332;202;43.32
425;203;31.97
203;459;20.87
205;527;8.08
224;206;2.27
384;206;8.93
354;207;27.49
208;326;5.27
208;342;2.05
209;211;12.69
334;209;22.05
282;210;6.42
353;210;8.76
211;233;20.58
333;211;9.12
386;211;7.52
212;305;7.36
511;212;17.54
213;333;18.59
213;343;10.12
415;213;3.8
458;213;21.08
213;473;9.21
214;442;10.65
533;214;34.63
214;2249;11.96
215;273;10.68
279;215;17.6
447;216;38.64
216;1120;29.79
217;327;4.08
346;217;6.02
219;218;62.49
218;340;50.27
227;219;14.32
220;437;46.46
220;510;28.74
221;230;14.75
240;221;18.83
222;262;14.44
361;222;20.97
223;372;61.82
613;223;80.47
425;224;22.13
510;225;23.13
225;2218;5.83
226;227;19.93
348;226;44.37
354;228;40.98
228;392;29.58
229;301;6.22
431;229;17.22
230;466;7.12
365;231;7.94
366;232;7.94
233;341;18.74
354;234;59.73
234;517;26.27
235;251;21.38
355;235;55.14
236;384;23.19
385;236;24.21
373;237;39.49
237;516;25.54
361;238;30.67
238;492;20.69
284;239;8.63
340;240;39.07
240;401;3.94
240;414;5.1
287;241;0.81
503;241;9.37
242;324;22.42
440;242;23.64
243;306;2.14
309;243;2.14
244;486;76.08
520;244;77.1
253;245;1.12
245;254;46.09
281;245;25.74
245;299;41.58
245;396;24.37
246;270;3.67
246;304;20.08
246;339;18.75
246;471;19.29
427;247;18.12
248;474;26.17
249;294;12.93
474;249;22.09
250;259;21.38
349;250;49.09
319;252;21.38
352;253;15.99
254;338;26.23
336;255;48.36
255;369;21.74
256;320;53.53
363;257;35.32
257;458;28.2
258;265;0.78
1753;258;4.86
259;436;0.51
260;365;19.18
493;260;29.87
272;261;1.62
353;261;6.32
262;438;14.24
323;263;27.59
263;411;22.29
516;264;11.28
264;537;1.56
283;265;25.7
265;422;14.26
408;266;39.63
266;525;31.29
267;280;3.75
519;267;14.13
527;268;14.87
332;269;54.6
269;511;45.32
446;271;3.67
353;272;10.88
304;273;2.25
281;274;20.5
288;274;5.17
280;275;3.75
534;275;19.47
299;276;14.26
277;292;17.32
277;293;40.96
406;277;40.42
278;526;7.24
278;534;27.81
279;441;17.45
281;472;43.09
282;291;19.56
282;471;0.88
350;283;17.93
1787;283;24.79
308;284;11.18
285;286;29.13
286;337;4.5
473;286;5.13
318;287;13.03
352;288;18.31
289;299;20.74
472;289;39.52
294;290;43.31
290;336;25.99
291;429;2.75
293;296;33.53
346;294;52.55
294;524;8.89
295;302;6.12
425;295;35.38
295;537;7.98
296;519;15.9
297;298;37.36
353;297;45.91
298;525;30.34
430;300;54.23
300;658;39.52
708;300;6.67
442;303;5.75
2124;303;0.57
305;345;0.17
305;460;0.08
512;305;0.41
493;306;19.24
462;307;17.33
508;307;1.01
309;349;69.46
309;520;88.4
310;312;20.98
310;420;115.75
310;435;0.61
310;477;112.65
311;312;16.59
372;311;48.99
312;323;37.57
2245;313;7.12
381;314;30.82
314;387;24.59
341;315;7.74
2249;315;1.73
352;316;21.4
316;391;5.2
317;468;37.12
514;317;44.24
467;318;19.15
517;319;22.19
320;348;46.41
321;451;2.6
321;454;21.38
321;467;80.24
485;321;26.02
321;506;84.28
321;530;15.28
322;351;23.24
322;389;51.3
452;322;23.83
322;455;36.61
322;475;37.68
322;478;21.96
490;322;6.7
324;538;11.22
371;325;9.79
375;325;3.86
364;326;1.35
361;328;1.83
375;329;1.83
374;330;4.36
360;331;5.36
395;334;37.36
369;335;10.54
335;2331;6.46
347;336;22.37
337;377;0.06
379;337;13.38
338;394;23.68
339;419;14.77
445;342;50.77
342;624;22.59
342;710;13.93
343;377;9.1
346;344;90.0
346;344;90.0
344;381;41.2
344;523;35.56
347;345;17.56
347;386;20.25
526;350;37.6
352;406;49.48
353;429;9.57
354;370;13.77
355;402;4.28
360;356;44.66
356;432;41.7
357;509;28.42
523;357;30.46
380;358;6.92
359;375;5.69
359;378;36.17
359;393;50.48
374;361;53.47
477;363;41.44
364;439;1.2
365;416;22.93
365;440;39.43
366;484;24.27
366;504;54.39
578;366;34.54
367;370;0.8
367;445;65.54
368;376;3.34
368;433;45.79
378;371;26.6
393;373;41.73
374;395;50.78
374;428;65.76
432;379;38.33
380;410;8.04
1602;380;22.59
464;382;0.14
488;383;14.4
389;385;40.1
387;415;9.72
388;481;64.36
518;388;82.19
529;390;7.52
392;404;18.18
394;532;11.97
396;526;15.31
512;397;4.18
481;398;9.16
1129;399;9.26
404;400;9.16
434;401;8.28
517;403;4.08
444;405;24.06
405;446;18.65
407;431;23.44
526;407;43.55
417;408;48.48
532;409;4.14
660;409;2.98
525;410;1.43
412;411;29.04
411;423;7.13
411;426;25.34
413;412;36.67
612;413;69.57
413;643;12.14
416;451;2.06
447;417;51.13
459;418;13.75
420;477;93.45
516;421;14.26
612;424;54.11
424;722;41.48
438;425;8.02
492;425;12.51
425;536;20.2
426;535;11.73
528;427;36.16
613;430;60.76
676;439;1.45
441;527;0.84
487;443;23.52
448;469;7.63
448;482;59.65
504;452;27.91
455;464;21.24
502;455;15.19
456;490;10.63
494;456;62.57
456;498;24.44
476;457;20.71
514;457;7.81
535;460;10.71
461;508;32.59
515;461;53.97
465;462;57.05
497;463;42.52
463;514;15.02
515;464;0.28
494;465;80.47
468;531;6.56
475;479;15.28
507;476;37.38
476;521;7.51
477;501;56.6
477;518;98.9
531;478;2.48
530;480;10.18
481;487;36.35
482;1078;3.9
482;2043;25.68
483;488;16.4
502;483;53.06
484;494;10.01
489;485;72.86
486;507;64.88
500;489;71.67
505;489;23.59
491;490;14.41
494;491;51.07
493;496;12.22
493;500;76.77
493;505;51.09
494;495;11.2
506;497;66.96
502;499;21.42
501;515;3.65
515;503;27.71
509;512;12.02
511;524;11.48
518;522;16.71
519;526;1.77
525;528;44.1
536;538;5.18
540;539;61.58
539;559;10.42
539;633;7.8
539;737;18.49
539;776;24.87
540;544;12.83
540;634;8.45
650;540;18.39
540;652;40.07
653;540;10.12
685;541;3.3
542;712;14.81
737;542;26.72
542;751;0.52
543;560;2.87
617;543;4.61
740;543;16.15
544;696;5.34
545;546;31.64
545;587;19.63
727;545;26.69
545;756;8.78
575;546;4.29
725;546;0.22
546;730;18.68
546;739;3.79
546;755;13.68
631;547;30.8
547;672;11.63
751;547;0.52
573;548;19.46
548;660;11.77
549;550;9.9
671;549;36.97
549;760;11.68
550;761;5.5
551;746;1.48
750;551;0.39
757;551;17.16
551;784;6.17
553;552;10.84
552;588;4.09
552;643;1.09
771;552;7.13
658;553;26.83
554;703;57.61
744;554;61.41
555;693;21.88
785;555;25.68
556;559;0.47
556;674;6.35
781;556;30.0
557;558;5.33
690;557;41.1
557;733;18.78
579;558;0.67
617;560;8.12
568;561;13.69
569;562;13.69
569;563;19.33
563;571;7.14
564;598;14.24
564;655;42.22
564;669;2.24
654;565;13.38
655;565;26.8
664;565;3.23
565;762;43.41
568;566;15.24
566;571;2.55
567;700;1.46
716;567;6.96
568;569;54.45
672;568;9.43
712;568;2.83
569;656;24.36
712;569;2.93
570;666;9.49
733;570;17.68
572;694;17.0
722;572;29.29
573;594;31.91
613;573;54.67
710;574;2.2
741;575;13.08
721;576;10.31
576;732;10.31
581;577;2.09
685;577;3.91
661;578;56.42
582;579;3.97
644;580;7.39
581;755;0.74
765;581;14.33
688;582;7.92
749;582;2.85
607;583;5.69
619;583;9.7
585;584;4.08
697;584;4.91
778;585;18.47
762;586;27.72
586;765;19.33
587;628;19.63
595;588;5.06
643;588;3.44
717;589;11.01
589;753;1.12
755;590;20.34
590;780;5.75
596;591;18.06
591;667;4.77
592;593;14.37
738;592;18.17
593;772;0.68
594;713;23.12
771;595;8.46
742;596;23.86
778;597;4.5
598;675;9.74
694;599;3.6
600;669;3.76
727;600;14.75
630;601;30.35
601;708;22.66
602;604;13.62
615;602;19.12
603;604;13.76
706;603;51.03
615;605;20.9
605;626;12.11
606;670;9.32
926;606;10.22
670;607;8.99
690;608;2.2
609;677;17.49
680;609;22.69
610;668;8.51
694;610;16.5
683;611;19.79
611;750;14.29
613;612;7.28
612;769;70.61
613;627;34.02
614;626;30.05
707;614;30.05
615;665;1.51
615;774;23.16
618;616;37.99
616;619;30.8
617;620;56.47
620;618;46.78
619;756;3.01
622;621;13.3
621;746;6.21
624;622;14.4
663;623;32.32
623;712;13.74
625;690;52.59
1348;625;62.98
627;691;20.33
628;699;41.1
727;628;43.35
667;629;8.45
763;629;2.44
645;630;56.13
645;631;42.09
634;632;17.04
632;649;0.15
633;634;8.59
645;633;11.78
637;635;31.84
732;635;7.31
635;742;26.96
636;740;34.21
744;636;41.9
743;637;38.93
638;639;2.82
650;638;7.22
650;639;8.88
639;653;3.71
644;640;28.1
640;653;21.4
644;641;27.89
645;641;24.03
641;647;34.23
678;642;26.87
642;785;15.88
644;645;5.39
644;650;20.82
644;686;37.1
644;734;29.21
645;650;24.65
646;770;8.57
773;646;12.97
647;649;17.04
648;651;10.7
652;648;31.38
776;651;10.38
655;654;19.67
701;655;8.65
656;773;20.06
1444;657;9.27
1486;657;12.11
703;659;2.2
703;659;2.2
769;661;58.02
663;662;13.75
662;760;1.41
662;782;12.34
663;778;5.84
780;663;0.25
689;664;47.68
665;676;4.15
706;665;33.32
666;707;1.8
703;667;20.67
668;696;5.81
1469;670;22.85
754;671;46.46
750;673;9.89
695;674;2.84
675;758;7.74
677;679;8.0
679;678;80.96
678;684;11.98
731;678;4.39
678;750;21.32
679;683;36.28
679;684;12.1
679;685;17.6
688;680;35.33
680;701;11.55
682;681;79.92
686;770;25.71
687;745;3.53
747;687;4.63
689;688;21.04
688;1359;35.8
689;749;7.35
1402;689;2.61
691;692;18.73
692;718;14.13
693;694;13.89
696;695;4.44
766;697;9.21
698;702;2.39
704;698;9.19
699;703;18.12
710;700;9.53
703;702;9.7
703;704;20.68
705;709;9.26
728;705;36.14
707;706;23.72
707;772;8.61
716;709;30.07
709;720;17.46
711;714;22.19
727;711;24.58
729;711;2.41
713;720;2.83
714;724;7.8
715;739;9.8
1190;715;15.8
716;717;10.83
716;750;9.11
716;785;20.19
717;719;23.65
717;728;39.44
717;736;14.53
719;718;3.96
755;721;17.01
726;723;32.4
723;748;25.51
730;724;5.89
748;725;6.72
726;727;6.25
726;729;21.7
726;743;45.92
754;731;11.58
734;735;29.21
735;737;23.42
736;777;10.13
1430;738;29.66
740;752;30.17
779;740;20.21
752;741;24.07
744;768;29.2
784;745;3.07
777;747;10.13
750;753;12.57
754;759;15.34
755;781;34.1
774;757;18.76
759;758;8.45
764;763;17.23
763;767;2.6
778;764;23.63
778;766;17.3
768;779;21.71
770;771;28.78
1133;775;7.57
1414;775;6.72
778;783;10.34
783;782;1.95
1184;787;24.18
1484;788;4.6
1483;790;4.55
1240;792;5.23
1525;792;5.96
1514;793;0.7
1334;794;2.51
1385;794;6.18
1108;795;15.48
1520;795;9.61
796;797;33.6
796;1011;5.32
796;1103;0.03
796;1419;27.55
796;1596;12.89
797;899;10.69
797;1004;3.77
797;1379;13.14
797;1597;6.0
799;798;13.77
798;1134;3.0
798;1163;6.67
996;799;13.77
802;1087;1.26
1586;802;6.76
1483;803;4.6
804;1345;22.41
1426;804;61.28
1592;805;13.39
807;1328;36.58
1479;807;36.58
971;808;34.4
808;1227;15.21
904;809;20.46
809;1216;0.47
1502;810;5.7
812;811;3.4
860;812;51.47
812;918;48.07
813;877;45.75
1054;813;58.84
814;1462;8.33
814;1488;20.5
928;815;0.19
1156;815;12.84
1315;815;3.06
817;816;9.09
817;1079;20.39
1477;817;29.48
819;818;3.8
954;819;30.28
819;993;26.48
838;820;7.8
1393;820;24.38
821;822;5.3
821;843;4.6
821;920;61.37
821;1076;13.9
1199;821;12.59
821;1558;0.3
822;919;3.89
924;822;38.43
822;1355;39.54
822;1559;0.3
825;823;3.8
826;824;3.2
825;1232;67.42
1566;825;71.22
1003;826;25.55
826;1566;22.35
911;827;57.96
827;1337;56.56
829;828;5.7
829;1268;34.0
1489;829;39.7
883;830;23.39
830;1334;12.3
833;831;11.79
1154;832;4.0
833;1230;0.57
1553;833;12.36
834;886;4.5
991;834;10.81
834;1175;19.84
834;1178;49.09
834;1467;13.77
835;1020;34.0
1106;835;52.19
836;890;36.32
836;1105;20.53
836;1365;14.49
837;1097;9.95
1552;837;18.24
966;838;26.99
840;839;24.39
839;1349;15.6
887;840;31.41
840;1562;7.02
1095;841;9.59
1096;842;7.09
870;845;14.19
871;846;14.69
871;847;10.99
849;1320;47.73
1426;849;66.52
1087;850;6.31
1594;850;6.28
851;1066;19.71
851;1328;8.37
1538;851;42.27
1560;852;19.21
852;1589;8.22
855;853;8.09
997;855;24.98
855;1573;16.89
856;864;24.39
997;856;24.39
857;1169;41.31
1293;857;45.71
858;945;18.39
1162;858;2.08
858;1173;5.1
1205;858;59.37
858;1372;20.47
859;1113;4.01
859;1174;5.3
1358;859;36.39
859;1362;18.29
1556;860;68.86
1107;861;8.51
1585;861;13.07
947;862;13.21
862;1561;0.02
864;990;24.39
865;1432;12.78
1575;865;30.97
1196;866;34.11
866;1531;27.71
869;867;8.99
1288;868;7.79
888;869;23.08
869;914;14.09
870;1214;26.36
870;1411;8.3
1418;870;55.55
896;871;6.79
1418;871;22.49
872;1020;3.44
1384;872;12.13
874;873;10.39
874;1098;5.82
1552;874;16.21
876;875;8.49
876;1323;48.32
1389;876;56.81
877;1050;34.56
879;878;72.82
1320;878;37.24
878;1543;82.17
879;1325;4.3
1426;879;77.12
882;1470;25.26
1503;882;30.16
1490;883;31.28
885;884;7.4
890;885;21.03
885;1476;13.63
1294;886;8.39
1178;887;39.1
996;888;23.88
1076;889;12.5
889;1207;1.61
1057;891;1.36
1459;891;20.72
893;892;11.81
892;1206;34.55
1448;892;41.42
893;1312;28.85
1449;893;40.67
894;1077;89.81
1514;894;101.0
986;895;37.22
895;1424;30.59
1083;896;14.68
898;897;1.2
1289;898;20.26
898;2089;19.06
899;923;3.7
1230;900;4.72
1482;900;6.57
961;901;18.68
1561;901;0.02
903;902;9.59
916;903;9.92
903;1184;0.33
1201;904;48.74
906;905;36.75
1372;905;10.18
905;1569;37.24
1095;906;33.96
1570;906;12.69
1201;907;24.18
1203;908;36.47
908;1387;15.79
1058;909;20.6
909;1245;19.6
910;1156;14.24
1251;910;21.15
911;979;86.52
911;1478;94.6
912;965;49.99
912;1025;30.37
912;1293;52.43
912;1294;46.02
912;1420;32.82
912;1572;66.38
913;1454;24.6
1577;913;34.89
1279;914;1.86
915;1072;4.7
1095;915;14.39
915;1236;9.69
916;1073;4.1
1095;916;14.02
917;1413;59.64
1426;917;66.84
918;1503;42.17
919;974;45.59
919;1049;31.45
1077;919;77.52
920;1102;36.95
1343;920;19.75
920;1575;41.76
921;1207;0.79
921;1344;49.26
1513;921;50.04
923;922;3.7
1071;924;38.43
926;925;4.7
1190;926;14.92
1220;928;0.19
1139;929;8.63
929;1240;22.72
929;1410;22.66
1138;930;8.09
932;1381;49.56
1452;932;49.56
936;935;1.4
1235;936;26.15
936;1565;24.75
938;1095;21.11
1531;938;21.11
1416;939;140.0
939;1513;138.6
942;957;21.78
1096;942;25.88
1274;943;14.28
943;1539;6.19
1117;944;0.4
1229;947;25.5
948;1199;17.29
1256;948;39.47
949;1087;5.21
1422;949;8.61
979;950;0.4
978;951;0.7
953;952;17.89
953;1075;33.56
1184;953;51.45
968;954;39.97
997;955;18.89
957;1063;9.89
1469;958;3.3
1168;959;14.0
961;960;1.0
1282;961;23.18
978;962;30.74
962;1581;20.65
1331;963;2.02
1460;963;11.37
1338;964;15.38
1345;964;6.4
965;973;41.3
967;966;14.77
966;1149;8.62
1215;966;35.43
966;1263;14.59
967;982;7.58
1268;967;30.4
967;1324;29.68
1502;967;21.62
979;968;31.68
1025;968;26.37
968;1516;8.59
972;970;1.9
1382;971;34.4
972;1235;33.04
1384;972;34.94
973;979;12.92
973;1480;3.7
973;1481;16.09
974;1431;45.39
1354;975;18.5
975;1366;15.4
1415;976;5.7
998;978;31.91
978;1024;6.94
978;1293;29.44
978;1318;26.49
1478;978;79.91
979;1319;22.26
979;1501;14.21
981;980;6.89
1292;981;14.7
981;1402;7.81
1470;982;4.91
985;983;12.29
985;1058;38.09
1306;985;50.38
1307;986;37.22
990;988;17.69
996;989;5.9
989;1125;5.9
990;1126;6.7
1501;991;10.81
1183;992;29.42
992;1459;26.22
993;994;22.47
994;1289;35.55
1407;994;17.98
1017;995;75.84
995;1112;77.49
995;1145;30.17
995;1378;33.55
995;1539;51.71
1401;996;15.28
997;1111;9.27
1127;997;15.26
1222;997;45.57
1572;998;39.6
999;1241;10.08
1311;999;23.57
1556;1000;3.4
1556;1001;0.7
1003;1002;5.6
1491;1003;31.15
1008;1004;4.14
1007;1005;4.5
1007;1010;9.29
1553;1007;13.79
1552;1008;4.14
1371;1009;25.38
1552;1011;9.37
1012;1193;19.11
1553;1012;28.2
1017;1014;17.89
1019;1015;18.49
1018;1016;63.33
1191;1017;93.73
1192;1018;78.61
1018;1401;15.28
1191;1019;25.19
1019;1287;6.7
1522;1020;1.94
1136;1021;0.0
1230;1022;2.0
1025;1024;4.01
1308;1024;12.03
1024;2083;4.29
1026;1153;60.86
1583;1026;64.96
1216;1027;5.38
1216;1028;0.31
1217;1029;5.38
1031;1030;2.52
1524;1030;21.56
1216;1031;2.52
1524;1032;7.79
1523;1033;9.99
1217;1034;6.7
1216;1035;5.6
1217;1036;7.79
1523;1037;11.09
1524;1038;8.99
1040;1039;35.58
1039;1216;7.1
1524;1040;35.58
1043;1041;1.2
1044;1042;1.2
1142;1043;48.99
1043;1217;47.79
1044;1217;34.54
1523;1044;35.74
1045;1306;67.47
1536;1045;69.37
1050;1046;3.2
1049;1450;31.45
1050;1147;31.36
1051;1071;39.63
1440;1051;63.21
1052;1436;77.47
1439;1052;77.47
1053;1083;28.13
1053;1223;1.2
1243;1053;6.58
1053;1266;27.52
1054;1161;54.28
1436;1054;72.27
1450;1054;18.56
1079;1055;9.3
1055;1489;2.8
1057;1056;6.99
1083;1057;8.35
1237;1059;6.44
1059;1331;3.82
1063;1061;8.09
1063;1464;1.8
1065;1064;3.4
1284;1065;43.69
1065;1549;40.29
1066;1425;4.93
1589;1066;2.82
1069;1067;5.7
1070;1068;1.0
1390;1069;23.01
1069;1546;17.31
1070;1326;7.91
1356;1070;8.91
1074;1133;16.83
1552;1074;23.43
1075;1335;23.37
1120;1078;0.5
1081;1080;9.69
1184;1081;26.16
1081;1385;16.47
1082;1099;14.04
1119;1082;14.3
1266;1082;7.43
1138;1084;17.61
1084;1343;12.51
1086;1244;2.39
1328;1086;3.59
1557;1087;9.84
1182;1088;13.04
1219;1088;4.52
1088;1593;10.86
1431;1089;4.38
1574;1089;7.91
1092;1090;7.09
1093;1091;7.49
1092;1428;3.8
1489;1092;10.89
1093;1429;7.89
1489;1093;15.38
1094;1491;54.01
1545;1094;61.1
1095;1511;9.38
1095;1532;31.11
1096;1220;16.58
1403;1096;12.21
1492;1096;5.11
1495;1096;3.16
1096;1510;8.19
1098;1097;5.4
1120;1097;16.84
1097;1471;5.6
1419;1098;15.66
1098;1472;16.09
1099;1237;7.84
1101;1100;2.7
1101;1232;0.78
1374;1101;3.48
1102;1585;26.46
1571;1103;8.76
1104;1190;19.51
1359;1104;33.3
1105;1167;14.81
1106;1166;28.47
1106;1170;8.36
1108;1107;27.08
1343;1107;18.43
1451;1108;42.56
1111;1109;2.3
1112;1110;9.59
1111;1535;6.97
1112;1275;67.9
1511;1113;1.69
1114;1267;26.39
1114;1354;21.6
1114;1409;3.7
1114;1483;29.02
1115;1181;61.68
1115;1484;8.66
1115;1500;18.85
1285;1116;5.7
1538;1117;7.79
1119;1118;6.2
1271;1119;20.5
1301;1120;5.0
1120;1571;17.45
1121;1231;4.13
1553;1121;4.13
1122;1143;29.84
1169;1122;30.12
1283;1122;13.51
1123;1342;23.48
1528;1123;23.48
1127;1124;5.6
1452;1127;20.86
1129;1128;9.89
1553;1129;19.15
1131;1130;4.0
1232;1131;101.7
1131;1383;97.7
1132;1195;13.22
1532;1132;24.31
1430;1133;1.23
1512;1136;10.99
1284;1137;4.1
1138;1368;0.37
1138;1435;40.33
1138;1525;20.75
1138;1600;42.64
1139;1229;44.39
1139;1451;44.86
1140;1188;54.35
1140;1257;58.53
1140;1357;47.8
1140;1598;52.73
1141;1189;111.33
1141;1191;22.35
1141;1191;22.35
1141;1302;3.0
1141;1397;51.9
1426;1142;68.28
1143;1745;23.34
1212;1144;51.31
1144;1595;46.41
1145;1274;17.58
1318;1146;22.89
1146;1581;5.9
1147;1485;20.07
1382;1148;15.02
1148;1576;9.92
1149;1258;10.79
1313;1149;10.26
1151;1150;11.99
1151;1216;12.24
1417;1151;24.23
1153;1490;60.86
1193;1154;9.5
1155;1228;21.12
1357;1155;30.91
1158;1222;47.07
1453;1158;47.07
1162;1160;12.59
1161;1358;54.28
1485;1162;14.67
1536;1163;2.52
1167;1165;1.8
1166;1452;28.47
1167;1453;13.01
1476;1168;21.89
1389;1170;2.53
1269;1171;42.1
1171;1556;26.41
1539;1172;5.3
1580;1175;4.55
1178;1176;9.99
1580;1177;11.09
1384;1179;15.63
1179;1522;2.24
1181;1190;55.48
1182;1448;47.02
1182;1449;47.37
1182;1463;17.31
1183;1194;56.28
1183;1315;5.96
1183;1460;17.67
1488;1183;3.91
1236;1184;2.8
1367;1185;7.84
1489;1185;1.25
1188;1186;7.49
1189;1187;17.69
1188;1256;46.86
1189;1380;93.64
1190;1473;11.09
1190;1474;6.7
1192;1209;44.67
1192;1282;36.67
1192;1288;18.88
1192;1578;55.08
1576;1193;9.58
1194;1534;52.88
1278;1195;10.16
1353;1196;34.11
1199;1197;4.7
1200;1198;16.69
1355;1200;22.85
1200;1517;6.16
1202;1201;1.7
1201;1373;11.11
1201;1527;2.67
1202;1338;22.27
1202;1523;56.82
1203;1325;10.1
1203;1345;8.57
1203;1524;20.87
1204;1279;1.86
1536;1204;12.95
1380;1205;73.16
1206;1599;21.16
1209;1479;44.67
1345;1210;13.79
1346;1211;22.08
1213;1212;72.75
1212;1280;3.7
1212;1582;17.75
1213;1336;34.6
1213;1593;0.23
1213;1594;20.97
1214;1504;18.27
1249;1215;53.42
1217;1348;77.37
1217;1444;29.16
1219;1218;3.4
1505;1219;7.92
1222;1221;1.5
1250;1223;11.79
1226;1224;6.7
1226;1261;27.65
1383;1226;34.35
1227;1260;15.21
1228;1368;16.02
1498;1230;6.16
1231;1499;4.13
1312;1233;15.96
1233;1363;28.84
1382;1233;17.2
1233;1526;28.24
1599;1233;17.46
1347;1234;5.97
1564;1234;25.01
1239;1238;2.7
1535;1239;3.47
1239;1565;0.77
1241;1518;0.19
1243;1242;7.39
1251;1243;13.97
1244;1311;11.85
1244;1326;12.97
1330;1244;10.21
1244;1546;5.77
1245;1291;14.34
1245;1327;2.2
1425;1245;3.53
1248;1246;2.3
1247;1375;5.64
1375;1248;62.71
1248;1390;60.41
1427;1249;85.0
1250;1251;72.9
1250;1271;24.6
1250;1290;29.04
1250;1310;12.15
1250;1403;17.62
1251;1487;24.39
1253;1514;39.1
1544;1253;39.1
1256;1254;7.39
1257;1255;5.2
1257;1508;53.33
1336;1259;26.31
1259;1563;25.01
1261;1260;7.17
1261;1340;20.48
1337;1262;52.16
1262;1528;36.37
1265;1313;16.76
1503;1265;16.76
1267;1292;17.2
1543;1269;55.29
1271;1270;4.1
1274;1272;3.3
1275;1273;3.4
1275;1545;64.5
1276;1392;17.72
1536;1276;43.0
1339;1277;0.34
1500;1277;15.65
1569;1278;27.25
1454;1283;21.2
1284;1296;7.49
1417;1284;62.67
1298;1285;28.78
1285;1408;18.68
1288;1286;11.09
1290;1495;11.15
1435;1291;8.94
1293;1467;5.92
1293;1577;17.14
1294;1577;28.74
1328;1295;33.67
1295;1475;24.68
1298;1297;7.79
1418;1298;36.57
1342;1301;13.29
1303;1507;35.34
1598;1303;37.14
1306;1304;17.09
1538;1307;37.22
1420;1308;27.62
1562;1309;7.02
1802;1309;1.97
1310;1462;5.06
1329;1311;14.71
1315;1314;2.9
1318;1316;3.6
1319;1317;3.4
1319;1580;18.86
1476;1322;7.39
1323;1360;48.32
1538;1329;42.63
1587;1329;1.87
1587;1330;27.0
1334;1332;9.79
1335;1333;14.19
1335;1374;9.18
1503;1339;2.64
1344;1343;28.35
1343;1574;64.67
1344;1520;20.9
1426;1346;46.26
1346;1527;10.62
1346;1579;0.17
1553;1347;12.37
1351;1452;55.14
1494;1351;60.24
1353;1352;3.0
1539;1353;37.11
1390;1356;28.1
1360;1476;36.33
1362;1361;2.3
1362;1570;15.99
1363;1499;4.66
1365;1364;14.49
1502;1366;2.29
1432;1367;25.73
1369;1533;10.37
1601;1369;14.57
1552;1371;25.38
1373;1524;10.81
1376;1375;44.66
1445;1375;21.99
1392;1376;8.83
1538;1376;35.83
1378;1377;1.5
1378;1540;32.05
1379;1388;5.45
1381;1512;32.87
1383;1382;18.94
1383;1482;25.46
1383;1576;18.95
1384;1565;37.51
1426;1386;16.79
1552;1388;4.84
1537;1389;72.53
1392;1391;8.89
1394;1393;19.72
1502;1394;19.72
1397;1395;0.5
1397;1443;51.4
1416;1398;61.29
1398;1544;54.99
1584;1399;12.29
1539;1404;11.79
1540;1405;3.3
1407;1406;4.1
1581;1407;22.08
1408;1411;1.99
1410;1601;14.57
1413;1556;59.64
1430;1414;8.22
1415;1453;45.06
1537;1415;67.45
1416;1440;68.61
1416;1514;70.6
1416;1551;5.6
1417;1548;22.31
1418;1550;13.7
1421;1422;10.91
1423;1421;16.11
1463;1423;16.11
1424;1445;25.39
1426;1489;66.63
1431;1427;3.35
1432;1427;4.94
1595;1430;44.31
1431;1432;17.89
1431;1489;19.77
1576;1433;11.39
1577;1434;10.99
1475;1435;14.98
1435;1518;23.29
1439;1437;1.8
1440;1438;5.4
1513;1439;79.27
1443;1441;6.5
1539;1442;3.7
1443;1540;44.9
1448;1446;5.6
1449;1447;6.7
1459;1457;5.5
1460;1458;6.3
1461;1533;1.02
1600;1461;18.61
1470;1469;18.45
1515;1469;28.7
1469;1554;3.1
1470;1555;1.9
1574;1477;42.37
1483;1503;8.08
1484;1502;4.06
1549;1486;14.41
1487;1492;12.1
1491;1490;22.87
1494;1493;8.09
1537;1494;68.33
1498;1496;14.79
1499;1497;8.79
1526;1498;20.95
1503;1502;0.69
1502;1515;35.69
1534;1504;40.99
1505;1542;1.23
1505;1557;10.24
1508;1506;25.25
1506;1517;12.06
1507;1517;21.95
1511;1509;7.69
1517;1584;24.08
1518;1541;8.69
1520;1519;11.29
1522;1521;0.3
1531;1529;6.6
1532;1530;6.8
1540;1583;64.96
1548;1547;9.19
1548;1579;13.12
1578;1560;42.19
1560;1592;22.98
1563;1564;25.01
1565;1573;4.99
1569;1567;9.99
1570;1568;3.3
1581;1580;4.46
1582;1586;9.06
1589;1588;5.4
1592;1590;9.59
1602;1729;42.04
1602;2001;46.92
1603;1605;18.69
1603;1759;60.03
1603;2103;68.23
1605;1604;5.5
1606;1673;2.21
2095;1606;10.78
1809;1607;58.4
1607;2226;50.16
1687;1608;11.27
1608;1826;9.62
1700;1609;14.21
1823;1609;33.36
1609;2087;35.68
1610;1611;9.78
1623;1610;10.44
1987;1610;3.19
1641;1612;29.83
1612;1662;22.25
1859;1613;4.01
1921;1613;17.3
1656;1614;6.71
1867;1615;2.2
1616;1848;10.36
2071;1616;20.69
1617;1618;18.49
1840;1617;35.17
1618;1619;22.0
1651;1618;4.06
1618;1984;0.55
1619;1777;30.56
1839;1619;23.4
1619;2030;3.85
1897;1620;11.03
2059;1620;6.72
1894;1622;0.4
2076;1622;21.79
1623;1830;1.96
1623;1832;28.35
1623;2383;23.25
1624;1734;6.81
1624;1889;12.95
1624;1898;13.93
1624;2383;26.75
1820;1625;20.31
1625;1940;11.52
2113;1626;5.94
2087;1627;5.54
2107;1628;13.51
1628;2112;1.64
1629;1659;19.41
1823;1629;22.49
1840;1630;8.84
1664;1632;125.35
1632;1693;125.35
1633;1874;33.4
1906;1633;40.76
1634;1860;43.54
2113;1634;49.81
1635;1743;14.07
1810;1635;23.42
1748;1637;34.34
1637;1871;25.34
1932;1637;46.39
1637;2045;45.5
1990;1638;13.42
1638;2044;3.07
1638;2070;34.86
1639;1735;56.03
2103;1639;60.54
1903;1640;30.85
1640;2015;11.17
2020;1641;37.52
1649;1642;4.84
1642;1692;1.43
1846;1643;13.74
1643;2024;3.19
1761;1644;90.0
1644;1971;87.47
1645;1650;30.01
1776;1645;31.11
1655;1646;63.42
1646;1674;62.98
1647;1731;28.98
1647;1767;18.93
1647;1886;11.05
1647;2027;16.57
1647;2028;16.71
1649;1752;93.51
1649;1884;30.67
1649;1948;12.81
1649;1956;47.34
1650;1930;84.48
1650;1931;19.72
1650;2068;33.13
1650;2077;68.9
1916;1651;7.36
1663;1652;5.52
1804;1652;2.17
1918;1653;34.81
1653;2018;13.6
1669;1654;27.59
1654;1950;24.29
1655;1901;64.14
1673;1656;22.92
1656;1917;13.13
2002;1657;18.61
1657;2106;4.98
1693;1658;111.17
1845;1658;12.29
1658;1913;59.89
1658;2078;43.47
1659;1985;14.79
1737;1660;21.2
1660;1805;13.41
1667;1661;18.0
1661;1804;11.62
1662;1788;15.17
1826;1662;2.48
1992;1663;12.33
1775;1664;34.19
1664;2020;40.82
1666;1667;12.24
1983;1666;19.16
2038;1667;17.07
1743;1668;11.22
1668;1797;5.5
1669;1700;24.59
1758;1669;1.39
2060;1671;4.4
2059;1672;15.39
1673;1986;17.2
1674;1854;24.92
1674;1893;44.64
1674;1918;64.74
1684;1675;2.92
1917;1675;7.41
1864;1676;23.92
1676;1945;20.62
1907;1677;3.52
1926;1678;10.0
1757;1679;25.06
1679;1998;12.35
1680;1681;64.46
1680;1921;6.07
1680;1960;11.09
1680;1997;5.61
1680;2012;14.95
1681;1834;6.75
1681;1859;14.12
1904;1681;4.94
1681;2096;48.53
1682;1683;66.94
2029;1682;81.89
1683;1684;53.3
1684;2015;41.26
2069;1685;9.64
1686;1697;25.93
1686;1720;42.67
1827;1686;2.92
1686;1962;22.95
1687;1702;19.89
1687;1983;28.17
1688;1835;19.22
2086;1688;37.47
1702;1689;12.64
1878;1690;20.88
1690;1879;12.64
1691;1861;8.06
1874;1691;23.45
1832;1694;19.01
1694;1963;11.32
1697;1696;16.38
1814;1698;18.41
1793;1699;20.65
1701;1912;17.83
1922;1701;39.48
1703;1788;2.08
1951;1703;8.35
1956;1704;53.39
1704;2112;49.98
1814;1705;29.8
1705;1974;27.27
2112;1706;31.26
2113;1707;29.23
2113;1708;39.56
1709;2046;25.22
2112;1709;42.59
1884;1710;15.9
1885;1711;5.94
1712;1760;23.58
1762;1712;28.95
2056;1714;5.72
1715;1748;43.9
2022;1715;47.42
1716;1739;10.32
1847;1716;19.11
1717;1718;5.5
1717;1954;8.57
1967;1717;13.55
2108;1717;16.67
2085;1719;26.19
1719;2087;9.64
1720;2071;28.16
1871;1721;3.85
1844;1722;2.09
1731;1723;17.99
1723;1838;8.1
1724;1795;39.35
1906;1724;58.81
1882;1725;9.89
1727;1726;33.67
1726;1756;4.16
1726;1766;11.7
1825;1727;45.76
1728;1870;4.08
2104;1728;10.05
1729;1787;35.01
1884;1730;0.57
1981;1730;16.61
1735;1733;45.64
1733;1737;31.02
1767;1734;6.84
1734;1808;4.4
1734;1830;2.57
2065;1736;6.02
1993;1737;10.52
1883;1738;6.6
1959;1739;6.65
1969;1739;4.19
1882;1741;10.99
1742;1743;9.79
1963;1742;18.62
1901;1744;42.67
1906;1744;34.49
1744;1999;62.65
2043;1745;2.49
1862;1746;18.48
1746;2085;10.24
1747;1800;5.39
2041;1747;0.67
1747;2044;16.81
2056;1747;6.64
1747;2082;7.79
1748;2042;21.98
1748;2055;7.56
1748;2061;14.38
1748;2114;12.39
1755;1749;19.61
1919;1750;12.31
2072;1751;12.42
1752;1783;89.55
1772;1753;19.69
1920;1754;6.38
1773;1755;24.01
1794;1756;3.42
1945;1757;34.95
1822;1758;16.73
1759;1801;35.63
1764;1760;17.84
1863;1760;9.45
1760;1888;41.11
1760;1964;70.09
1763;1761;35.56
1761;1855;63.46
1883;1761;55.79
1761;2234;61.31
1883;1765;6.6
1766;1935;8.4
1919;1768;22.71
1919;1769;19.56
1920;1770;13.41
2066;1771;8.35
1801;1772;29.03
2066;1773;33.9
1777;1776;30.56
1942;1776;6.38
1782;1778;81.31
1778;1919;68.12
1920;1779;59.33
1781;1920;61.87
2077;1781;68.9
1783;1782;89.55
1919;1784;33.04
1784;2067;23.15
1920;1785;8.79
1786;1791;3.41
2113;1786;4.62
1789;1790;56.31
1919;1789;61.81
1790;2113;56.31
1919;1792;5.39
1796;1793;26.44
1796;1794;12.87
1795;1894;16.16
1843;1796;55.04
1796;1878;0.34
1797;1798;5.5
1885;1799;6.96
1802;1803;5.5
2092;1802;7.47
2065;1806;5.61
1807;1829;17.26
1839;1807;34.01
1964;1809;62.8
2090;1810;33.31
1812;1813;0.44
1865;1812;0.44
1865;1812;0.44
1814;1815;25.83
1814;1820;36.8
1814;1969;13.53
2069;1814;4.05
2068;1816;5.28
2061;1817;7.69
1818;1819;17.19
2068;1818;27.85
1819;1885;2.13
1845;1821;5.5
1822;1828;30.58
1822;1857;4.4
1822;1952;37.11
1823;1910;25.71
1823;2084;22.77
1906;1824;31.64
1824;1926;22.52
2101;1825;48.62
1985;1827;6.55
1828;2098;18.6
1829;1942;9.57
1838;1830;7.55
1846;1831;37.44
1831;1864;33.04
1833;1976;27.32
2047;1833;34.68
1960;1834;2.04
1835;1944;19.22
1975;1836;5.47
2102;1836;0.03
1962;1837;17.72
1837;2102;5.53
2010;1839;63.86
1839;2100;33.74
2010;1840;20.53
2032;1841;7.14
2054;1842;2.86
2000;1843;68.67
2070;1844;12.65
1845;1939;3.38
1845;1945;39.29
1846;1992;29.15
1846;2080;11.83
1925;1847;36.7
1848;1939;7.5
2071;1849;7.47
1945;1850;15.51
1850;1991;7.6
1918;1852;7.91
1926;1853;5.27
1853;1986;0.87
1854;1924;10.41
1855;2101;54.12
1856;1986;6.1
2047;1856;14.77
1998;1858;4.18
1860;1862;35.52
2093;1861;6.34
2023;1863;26.04
1865;1866;11.54
1949;1865;9.61
1865;1963;23.78
2090;1865;26.15
1946;1867;16.05
1880;1868;31.98
1868;2105;22.31
1869;1877;25.52
1978;1869;35.41
1881;1873;59.57
1873;1994;11.21
1873;2013;46.4
2070;1873;22.21
1875;1876;55.01
1877;1875;77.15
1876;1878;29.73
1880;1877;63.26
1877;2065;11.63
1878;1935;9.19
1880;1932;73.02
1880;1947;42.71
1880;2050;25.4
1881;2000;78.56
1881;2033;22.99
1881;2035;26.3
1881;2079;39.26
1882;2016;3.3
1882;2273;74.68
1882;2333;72.45
1883;2064;86.84
1883;2244;14.66
1883;2278;16.64
2061;1884;6.69
1884;2110;12.64
1934;1885;10.77
1886;1961;2.26
1888;1943;28.04
1889;1890;0.55
1987;1889;4.64
1891;1892;14.73
2021;1891;17.7
1892;2041;9.34
1893;1923;35.74
1900;1895;15.32
1927;1895;0.32
1988;1897;21.46
2014;1898;1.13
1903;1900;23.93
1900;2073;0.59
1901;1924;5.86
1902;2002;32.02
1902;2073;19.51
1902;2075;24.06
1903;2104;28.4
1907;1906;58.47
1906;1928;13.63
1906;1959;14.12
1907;1914;48.07
1907;1929;25.09
1920;1908;3.08
1919;1909;2.86
1910;2097;14.5
1911;1996;44.8
2112;1911;48.1
2096;1912;5.24
1913;2086;46.7
1914;1915;13.52
1914;1975;18.11
1914;2038;16.44
2100;1916;17.25
1920;2066;42.25
2072;1920;46.56
1921;1922;48.32
1995;1921;28.31
1922;2012;13.62
2080;1922;4.78
1923;2076;21.79
1925;1933;54.5
2073;1927;20.1
1929;2018;10.8
1930;2074;69.97
1931;1977;12.03
1933;2095;33.85
1988;1934;16.05
2044;1936;7.69
2045;1937;6.6
2091;1938;5.5
2105;1941;16.92
1943;1993;21.55
1944;2049;19.22
2015;1946;30.78
1948;1947;12.81
2025;1949;15.11
1950;1951;19.34
1952;1953;26.23
1953;2093;18.21
1955;1956;6.05
2033;1955;10.34
1987;1957;16.49
1957;2060;4.4
1963;1973;10.43
1965;2048;0.02
2084;1965;20.79
2090;1966;23.28
1966;2114;1.9
1987;1967;24.32
1968;2048;16.9
2113;1968;21.74
1999;1970;42.21
1970;2038;21.68
1971;2047;70.98
1974;1976;0.99
2037;1977;6.62
2013;1978;37.17
2074;1979;10.99
1987;1981;38.59
1987;2014;1.13
1988;2108;25.41
1991;1989;4.96
2049;1989;12.41
2079;1990;19.58
2078;1995;33.8
1996;2085;32.47
2001;2023;28.24
2011;2003;7.69
2006;2004;8.79
2007;2005;1.65
2006;2008;19.78
2010;2006;54.95
2010;2007;9.34
2010;2011;32.64
2021;2040;14.4
2021;2056;22.25
2021;2058;16.19
2035;2022;18.61
2022;2037;40.32
2026;2025;15.11
2064;2029;86.84
2075;2032;24.06
2050;2034;10.67
2058;2034;0.48
2037;2036;18.61
2036;2039;10.88
2037;2055;8.93
2038;2106;6.66
2042;2053;14.73
2045;2052;30.44
2046;2069;13.69
2079;2051;19.68
2052;2057;17.47
2248;2054;14.51
2091;2059;22.11
2067;2107;23.15
2074;2072;58.98
2078;2094;9.67
2080;2115;7.05
2089;2088;19.06
2088;2092;7.47
2090;2091;41.9
2097;2099;5.49
2098;2099;0.68
2166;2116;27.45
2116;2167;13.86
2117;2216;15.14
2235;2117;26.63
2131;2118;0.88
2134;2118;19.11
2119;2123;55.13
2220;2119;1.73
2119;2311;11.99
2119;2368;22.63
2119;2368;22.63
2119;2369;2.0
2120;2245;29.12
2365;2120;39.61
2121;2122;22.18
2158;2121;36.01
2121;2199;17.78
2380;2121;13.64
2122;2315;13.19
2123;2306;46.84
2129;2124;16.79
2124;2250;9.19
2308;2124;7.76
2125;2229;37.64
2377;2125;47.43
2132;2126;30.84
2126;2194;7.86
2127;2284;1.49
2290;2127;9.28
2365;2128;5.5
2193;2129;25.78
2137;2130;5.0
2306;2131;22.86
2196;2132;44.83
2134;2133;43.99
2133;2269;43.99
2134;2194;6.12
2134;2337;6.5
2164;2135;3.57
2268;2135;11.42
2136;2251;41.22
2282;2136;46.52
2142;2137;15.25
2137;2146;16.99
2348;2137;17.73
2139;2138;10.18
2138;2169;10.28
2138;2173;84.96
2377;2138;49.85
2139;2255;44.17
2304;2139;26.03
2339;2140;15.08
2140;2349;8.29
2140;2349;8.29
2141;2345;23.54
2357;2141;48.52
2316;2142;25.74
2187;2143;22.69
2143;2294;7.5
2145;2144;8.49
2328;2145;14.99
2146;2189;2.0
2147;2169;1.6
2233;2147;18.09
2374;2148;4.5
2313;2149;3.5
2229;2150;35.62
2150;2322;30.62
2164;2151;2.53
2151;2323;1.53
2260;2152;23.07
2152;2290;15.08
2153;2374;0.7
2200;2154;18.36
2154;2303;17.46
2155;2360;27.64
2362;2155;32.74
2157;2156;22.66
2156;2366;11.07
2157;2158;66.43
2157;2214;44.05
2157;2351;30.28
2158;2213;30.42
2159;2160;19.82
2165;2159;42.1
2251;2159;23.23
2159;2284;1.51
2159;2375;26.01
2160;2279;1.83
2161;2298;2.03
2375;2161;15.02
2195;2162;14.99
2165;2233;42.07
2165;2263;29.49
2165;2296;3.47
2165;2328;44.85
2166;2168;12.05
2166;2171;30.82
2166;2282;51.52
2166;2297;5.0
2166;2338;33.25
2167;2169;0.11
2286;2167;0.98
2167;2287;72.65
2167;2371;12.99
2263;2168;10.0
2168;2275;41.57
2168;2370;11.49
2169;2299;10.28
2169;2307;11.39
2170;2205;49.68
2170;2206;3.49
2170;2241;12.97
2275;2170;20.59
2327;2170;4.04
2170;2367;9.79
2171;2330;18.83
2173;2172;40.23
2172;2180;12.14
2341;2172;11.09
2172;2356;28.69
2173;2179;27.79
2173;2332;8.95
2257;2174;29.68
2174;2267;23.18
2175;2185;15.49
2186;2175;30.88
2247;2176;9.99
2232;2177;2.82
2352;2177;5.97
2199;2178;9.79
2178;2209;3.69
2179;2299;10.7
2332;2180;4.15
2340;2182;2.0
2235;2183;3.5
2184;2286;8.07
2296;2184;11.97
2188;2186;5.5
2186;2193;35.47
2186;2309;25.8
2187;2221;64.7
2187;2225;51.66
2187;2352;33.03
2188;2221;37.53
2188;2324;43.66
2190;2285;7.09
2382;2190;15.28
2191;2228;11.29
2191;2250;6.5
2276;2191;44.47
2191;2335;3.69
2192;2237;11.65
2274;2192;31.64
2195;2196;3.56
2195;2212;40.23
2195;2336;13.42
2195;2368;10.35
2196;2204;26.12
2196;2220;16.72
2196;2302;1.0
2197;2274;69.57
2333;2197;67.15
2258;2198;11.28
2198;2272;5.28
2361;2200;28.85
2202;2201;1.5
2376;2202;4.4
2205;2203;32.19
2203;2320;8.99
2328;2203;2.88
2204;2210;52.12
2356;2206;9.5
2209;2207;13.89
2255;2208;33.18
2208;2341;16.19
2351;2209;21.49
2210;2316;41.43
2214;2211;30.86
2211;2224;14.37
2212;2295;32.24
2213;2224;17.33
2217;2215;0.65
2278;2215;5.35
2216;2218;9.14
2237;2217;13.64
2245;2218;7.51
2218;2301;6.0
2251;2219;6.0
2221;2223;27.79
2221;2238;28.55
2222;2227;0.88
2352;2222;8.57
2223;2240;15.8
2224;2318;16.31
2225;2276;44.57
2226;2362;37.57
2227;2339;0.88
2228;2267;1.3
2230;2229;11.97
2355;2230;22.96
2236;2231;5.84
2231;2334;2.84
2232;2292;33.15
2362;2232;53.35
2233;2259;9.99
2233;2259;9.99
2234;2361;47.02
2257;2235;41.12
2359;2236;22.23
2237;2247;27.98
2273;2237;32.96
2238;2298;14.56
2239;2268;12.12
2380;2239;24.11
2240;2335;2.81
2338;2241;3.02
2246;2242;15.16
2242;2280;10.16
2309;2243;17.51
2243;2324;15.61
2310;2244;6.82
2244;2346;9.99
2258;2246;29.15
2269;2248;26.0
2262;2249;1.26
2311;2252;3.5
2274;2253;7.99
2254;2323;17.85
2380;2254;21.85
2256;2283;34.38
2287;2256;58.36
2258;2257;101.43
2257;2260;20.39
2257;2262;10.25
2258;2261;20.63
2260;2261;2.93
2260;2271;22.33
2260;2331;14.52
2261;2266;8.99
2261;2272;28.92
2261;2365;45.11
2270;2264;14.24
2271;2264;8.74
2265;2355;31.95
2378;2265;40.64
2272;2270;21.23
2274;2273;23.94
2273;2310;34.3
2273;2376;24.38
2366;2277;4.0
2280;2279;10.16
2281;2334;5.15
2338;2281;7.25
2283;2326;21.39
2344;2288;5.54
2345;2288;6.05
2310;2289;5.5
2305;2291;2.7
2292;2308;26.65
2293;2327;4.54
2330;2293;18.73
2294;2336;0.51
2295;2379;20.15
2300;2304;37.62
2353;2300;21.7
2354;2300;39.91
2343;2303;6.12
2316;2305;6.2
2313;2312;26.98
2313;2319;16.89
2381;2313;63.26
2329;2317;26.9
2317;2350;4.92
2318;2321;10.61
2319;2374;13.39
2321;2323;1.62
2322;2323;21.63
2323;2329;38.89
2380;2323;20.15
2324;2359;34.72
2324;2379;16.06
2367;2326;3.29
2340;2339;42.75
2339;2342;41.63
2339;2343;39.38
2343;2342;9.68
2342;2344;17.63
2342;2347;18.19
2342;2347;18.19
2379;2348;30.22
2366;2350;7.07
2378;2353;43.68
2377;2354;59.5
2357;2358;2.04
2357;2363;18.52
2357;2372;52.92
2357;2372;52.92
2361;2358;2.06
2360;2363;4.86
2361;2362;48.52
2367;2364;6.5
2372;2373;39.97
2378;2377;36.2
2380;2381;0.79
2381;2382;18.28
